/*販売システム*/
CREATE DATABASE IF NOT EXISTS SALES_SYSTEM;

USE SALES_SYSTEM;

/*支店マスタ*/
CREATE TABLE BRANCH_MASTER(
    branch_id INT(6) UNSIGNED ZEROFILL NOT NULL PRIMARY KEY COMMENT '支店ID',
    name VARCHAR(40) NOT NULL COMMENT '支店名',
    abbreviation VARCHAR(20) COMMENT '支店略称'
) COMMENT='支店マスタ';

/*注文情報*/
CREATE TABLE ORDER_INFO(
    order_id INT(6) UNSIGNED ZEROFILL NOT NULL PRIMARY KEY COMMENT '注文ID',
    branch_id INT(6) UNSIGNED ZEROFILL NOT NULL COMMENT '支店ID',
    customer_id INT(6) UNSIGNED ZEROFILL NOT NULL COMMENT '顧客ID',
    transport_id INT(6) UNSIGNED ZEROFILL NOT NULL COMMENT '輸送ID',
    ordaer_date DATE NOT NULL COMMENT '注文日付',
    deposit_amount FLOAT UNSIGNED NOT NULL COMMENT '入金額'
) COMMENT='注文情報';

/*注文明細*/
CREATE TABLE ORDER_DETAILS(
    order_details_id INT(6) UNSIGNED ZEROFILL NOT NULL PRIMARY KEY COMMENT '注文明細ID',
    order_id INT(6) UNSIGNED ZEROFILL NOT NULL COMMENT '注文ID',
    product_id INT(6) UNSIGNED ZEROFILL NOT NULL COMMENT '商品ID',
    discount_rate INT(3) NOT NULL COMMENT '割引率'
) COMMENT='注文明細';

/*顧客情報*/
CREATE TABLE CUSTOMER_INFO(
    customer_id INT(6) UNSIGNED ZEROFILL NOT NULL PRIMARY KEY COMMENT '顧客ID',
    last_name VARCHAR(20) NOT NULL COMMENT '苗字',
    first_name VARCHAR(20) NOT NULL COMMENT '名前',
    age INT(3) NOT NULL COMMENT '年齢',
    gender_code INT(1) NOT NULL COMMENT '性別',
    email VARCHAR(40) NULL COMMENT 'メール',
    tell VARCHAR(20) NULL COMMENT '電話番号'
) COMMENT='顧客情報';

/*商品情報*/
CREATE TABLE PRODUCT_INFO(
    product_id INT(6) UNSIGNED ZEROFILL NOT NULL PRIMARY KEY COMMENT '商品ID',
    product_name VARCHAR(40) NOT NULL COMMENT '商品名',
    product_category_code INT(6) UNSIGNED ZEROFILL NOT NULL COMMENT '商品カテゴリ',
    price FLOAT UNSIGNED NOT NULL COMMENT '値段'
) COMMENT='商品情報';

/*共有マスタ*/
CREATE TABLE COMMON_MASTER(
    major_items CHAR(10) NOT NULL COMMENT '大項目',
    sub_items INT(2) UNSIGNED ZEROFILL NOT NULL COMMENT '小項目',
    name VARCHAR(40) NOT NULL COMMENT '名前'
) COMMENT='共有マスタ';

/*支店データ*/
INSERT INTO BRANCH_MASTER VALUES(000001,'マルチメディア川崎ルフロン','マルチ川崎');
INSERT INTO BRANCH_MASTER VALUES(000002,'ヨドバシアウトレット京急川崎','アウトレット川崎');
INSERT INTO BRANCH_MASTER VALUES(000003,'マルチメディア横浜','マルチ横浜');
INSERT INTO BRANCH_MASTER VALUES(000004,'マルチメディア京急上大岡','マルチ上大岡');
INSERT INTO BRANCH_MASTER VALUES(000005,'千葉店','千葉店');

/*注文データ*/
INSERT INTO ORDER_INFO VALUES(000001,000001,000001,000000,'2020-11-29',0);
INSERT INTO ORDER_INFO VALUES(000002,000002,000004,000000,'2020-11-29',0);
INSERT INTO ORDER_INFO VALUES(000003,000002,000004,000000,'2020-12-29',0);
INSERT INTO ORDER_INFO VALUES(000004,000002,000004,000000,'2021-01-29',0);
INSERT INTO ORDER_INFO VALUES(000005,000002,000004,000000,'2021-02-28',0);
INSERT INTO ORDER_INFO VALUES(000006,000002,000004,000000,'2021-03-29',0);
INSERT INTO ORDER_INFO VALUES(000007,000005,000002,000000,'2020-12-24',0);

/*注文明細データ*/
INSERT INTO ORDER_DETAILS VALUES(000001,000001,000001,0);
INSERT INTO ORDER_DETAILS VALUES(000002,000001,000002,0);
INSERT INTO ORDER_DETAILS VALUES(000003,000001,000003,0);
INSERT INTO ORDER_DETAILS VALUES(000004,000001,000004,0);
INSERT INTO ORDER_DETAILS VALUES(000005,000001,000009,0);

INSERT INTO ORDER_DETAILS VALUES(000006,000002,000023,0);
INSERT INTO ORDER_DETAILS VALUES(000007,000003,000023,0);
INSERT INTO ORDER_DETAILS VALUES(000008,000004,000023,0);
INSERT INTO ORDER_DETAILS VALUES(000009,000005,000023,0);
INSERT INTO ORDER_DETAILS VALUES(000010,000006,000023,0);

INSERT INTO ORDER_DETAILS VALUES(000011,000007,000023,0);
INSERT INTO ORDER_DETAILS VALUES(000012,000007,000014,0);
INSERT INTO ORDER_DETAILS VALUES(000013,000007,000016,0);
INSERT INTO ORDER_DETAILS VALUES(000014,000007,000019,0);

/*顧客データ*/
INSERT INTO CUSTOMER_INFO VALUES(000001,'北上','魅代',24,1,'kitagemi_miyo@example.com','010-1234-5678');
INSERT INTO CUSTOMER_INFO VALUES(000002,'星乃','ヒカリ',20,1,'hosino_hikari@example.com','010-5555-6666');
INSERT INTO CUSTOMER_INFO VALUES(000003,'大空','明',30,0,'ozora_akira@example.com','010-9999-9999');
INSERT INTO CUSTOMER_INFO VALUES(000004,'吉良','両',26,2,'kira_ryou@example.com','010-7777-7777');

/*商品情報*/
INSERT INTO PRODUCT_INFO VALUES(000001,'日立 HITACHI R-V38NV N',0,146080);
INSERT INTO PRODUCT_INFO VALUES(000002,'三菱電機 MITSUBISHI ELECTRIC MR-WX47F-F',0,221980);
INSERT INTO PRODUCT_INFO VALUES(000003,'AQUA アクア AQR-27J',0,67980);
INSERT INTO PRODUCT_INFO VALUES(000004,'HP 14S03PA-AAAA',1,184580);
INSERT INTO PRODUCT_INFO VALUES(000005,'ASUS エイスース GA401IV-R9R2060WLQ',1,263800);
INSERT INTO PRODUCT_INFO VALUES(000006,'MSI エムエスアイ GF75-10SCSR-001JP',1,159770);
INSERT INTO PRODUCT_INFO VALUES(000007,'DELL デル NAM97VR-ANLW',1,344800);
INSERT INTO PRODUCT_INFO VALUES(000008,'リーダブルコード―より良いコードを書くためのシンプルで実践的なテクニック',2,2640);
INSERT INTO PRODUCT_INFO VALUES(000009,'1冊ですべて身につくHTML ＆ CSSとWebデザイン入門講座',2,2486);
INSERT INTO PRODUCT_INFO VALUES(000010,'ゼロからわかるPHP超入門―Webプログラミングの第一歩 改訂新版',2,2618);
INSERT INTO PRODUCT_INFO VALUES(000012,'体系的に学ぶ安全なWebアプリケーションの作り方―脆弱性が生まれる原理と対策の実践 第2版',2,3520);
INSERT INTO PRODUCT_INFO VALUES(000013,'PythonではじめるWebサービス&スマホアプリの書きかた・作りかた',2,3520);
INSERT INTO PRODUCT_INFO VALUES(000014,'バンドック BUNDOK BDK-08BE',3,11000);
INSERT INTO PRODUCT_INFO VALUES(000015,'ロゴス LOGOS 71805572',3,108900);
INSERT INTO PRODUCT_INFO VALUES(000016,'ロゴス LOGOS 71805573',3,48400);
INSERT INTO PRODUCT_INFO VALUES(000017,'イスカ ISUKA エア 500 SL 149212 ロイヤルブルー',3,36300);
INSERT INTO PRODUCT_INFO VALUES(000018,'NANGA ナンガ e-Ventバック400DX ISIGO12 ライトグレー',3,44000);
INSERT INTO PRODUCT_INFO VALUES(000019,'Helinox ヘリノックス タクティカルチェア 19755001001001 ブラック',3,14070);
INSERT INTO PRODUCT_INFO VALUES(000020,'ロゴス LOGOS 73173125',3,7700);
INSERT INTO PRODUCT_INFO VALUES(000021,'BALMUDA バルミューダ L02A-BK',3,15180);
INSERT INTO PRODUCT_INFO VALUES(000022,'スノーピーク snow peak リトルランプ ノクターン GL-140',3,4730);
INSERT INTO PRODUCT_INFO VALUES(000023,'アサヒ飲料 モンスター モンスターエナジー 缶 355ml×24本',4,4570);
INSERT INTO PRODUCT_INFO VALUES(000024,'大塚製薬 Otsuka オロナミンC オロナミンシー オロナミンC 120ml×10本',4,987);
INSERT INTO PRODUCT_INFO VALUES(000025,'大正製薬 リポビタン リポビタンD 10本',4,1150);
INSERT INTO PRODUCT_INFO VALUES(000026,'レッドブル・エナジードリンク 330ml×24本',4,6940);
INSERT INTO PRODUCT_INFO VALUES(000027,'チェリオ ライフガードエックス 250ml×30本',4,2890);

/*共有データ*/
INSERT INTO COMMON_MASTER VALUES('GENDER',0,'男');
INSERT INTO COMMON_MASTER VALUES('GENDER',1,'女');
INSERT INTO COMMON_MASTER VALUES('GENDER',2,'どちらでもない');
INSERT INTO COMMON_MASTER VALUES('CATEGORY',0,'家電');
INSERT INTO COMMON_MASTER VALUES('CATEGORY',1,'パソコン');
INSERT INTO COMMON_MASTER VALUES('CATEGORY',2,'書籍');
INSERT INTO COMMON_MASTER VALUES('CATEGORY',3,'アウトドア・スポーツ用品');
INSERT INTO COMMON_MASTER VALUES('CATEGORY',4,'食品＆飲料');